round,role,rank,groups,cost,unit,peak_allocated_gib
0,Captioner,0,23,16083,sampled_tokens,18.371275424957275
0,Captioner,1,23,15812,sampled_tokens,18.410561561584473
0,Captioner,2,23,15105,sampled_tokens,17.759119510650635
0,Captioner,3,23,16168,sampled_tokens,18.568933486938477
0,Captioner,4,23,15514,sampled_tokens,18.225456714630127
0,Captioner,5,23,15898,sampled_tokens,18.19339370727539
0,Captioner,6,23,14789,sampled_tokens,17.96370840072632
0,Captioner,7,23,16477,sampled_tokens,18.04115343093872
0,TTS,0,25,8462,codec_frames,5.028562545776367
0,TTS,1,25,8831,codec_frames,5.072710990905762
0,TTS,2,25,7113,codec_frames,4.736164093017578
0,TTS,3,25,7963,codec_frames,5.0297722816467285
0,TTS,4,24,7035,codec_frames,4.977062225341797
0,TTS,5,24,10959,codec_frames,5.133469104766846
0,TTS,6,24,5333,codec_frames,4.7104010581970215
0,TTS,7,24,8838,codec_frames,5.046356201171875
1,Captioner,0,23,16086,sampled_tokens,17.76559066772461
1,Captioner,1,23,16350,sampled_tokens,17.885298252105713
1,Captioner,2,23,14919,sampled_tokens,17.66271734237671
1,Captioner,3,23,14549,sampled_tokens,17.592116832733154
1,Captioner,4,23,15232,sampled_tokens,17.60617733001709
1,Captioner,5,23,14370,sampled_tokens,17.544254302978516
1,Captioner,6,23,15159,sampled_tokens,17.803273677825928
1,Captioner,7,23,16052,sampled_tokens,17.739468097686768
1,TTS,0,25,8369,codec_frames,5.0994157791137695
1,TTS,1,25,8933,codec_frames,5.153573989868164
1,TTS,2,25,6937,codec_frames,4.842287063598633
1,TTS,3,25,7770,codec_frames,5.082985877990723
1,TTS,4,24,6947,codec_frames,4.995038986206055
1,TTS,5,24,10802,codec_frames,5.1850409507751465
1,TTS,6,24,5500,codec_frames,4.631657600402832
1,TTS,7,24,8697,codec_frames,5.104592323303223
2,Captioner,0,23,16218,sampled_tokens,18.073570251464844
2,Captioner,1,23,14825,sampled_tokens,17.46457576751709
2,Captioner,2,23,15514,sampled_tokens,17.65308427810669
2,Captioner,3,23,15844,sampled_tokens,17.84995126724243
2,Captioner,4,23,16011,sampled_tokens,17.597391605377197
2,Captioner,5,23,16764,sampled_tokens,17.96629285812378
2,Captioner,6,23,15147,sampled_tokens,17.437336921691895
2,Captioner,7,23,16421,sampled_tokens,18.010757446289062
2,TTS,0,25,8311,codec_frames,5.070931434631348
2,TTS,1,25,8672,codec_frames,5.113398551940918
2,TTS,2,25,7144,codec_frames,4.817219257354736
2,TTS,3,25,7876,codec_frames,5.164182186126709
2,TTS,4,24,6923,codec_frames,5.067140102386475
2,TTS,5,24,10861,codec_frames,5.231931686401367
2,TTS,6,24,5434,codec_frames,4.656728267669678
2,TTS,7,24,8880,codec_frames,5.105454444885254
3,Captioner,0,23,16177,sampled_tokens,17.881725311279297
3,Captioner,1,23,16250,sampled_tokens,17.611608505249023
3,Captioner,2,23,14885,sampled_tokens,17.680843830108643
3,Captioner,3,23,15556,sampled_tokens,17.87690830230713
3,Captioner,4,23,15108,sampled_tokens,17.417247772216797
3,Captioner,5,23,16302,sampled_tokens,17.71519422531128
3,Captioner,6,23,15028,sampled_tokens,17.645216941833496
3,Captioner,7,23,15643,sampled_tokens,17.847525596618652
3,TTS,0,25,8317,codec_frames,5.086865425109863
3,TTS,1,25,8902,codec_frames,5.140180587768555
3,TTS,2,25,7131,codec_frames,4.911209583282471
3,TTS,3,25,7680,codec_frames,5.087170124053955
3,TTS,4,24,6819,codec_frames,5.016976356506348
3,TTS,5,24,10985,codec_frames,5.228585720062256
3,TTS,6,24,5527,codec_frames,4.593061447143555
3,TTS,7,24,8622,codec_frames,5.11798095703125
4,Captioner,0,23,15995,sampled_tokens,17.840367794036865
4,Captioner,1,23,16407,sampled_tokens,17.798059940338135
4,Captioner,2,23,15654,sampled_tokens,17.87968111038208
4,Captioner,3,23,15908,sampled_tokens,17.844876289367676
4,Captioner,4,23,15278,sampled_tokens,17.664833545684814
4,Captioner,5,23,16719,sampled_tokens,18.009398937225342
4,Captioner,6,23,15025,sampled_tokens,17.561946868896484
4,Captioner,7,23,16438,sampled_tokens,17.863526821136475
4,TTS,0,25,8428,codec_frames,5.1110968589782715
4,TTS,1,25,8910,codec_frames,5.133488178253174
4,TTS,2,25,7062,codec_frames,4.848551273345947
4,TTS,3,25,7818,codec_frames,5.097212791442871
4,TTS,4,24,6925,codec_frames,5.072163105010986
4,TTS,5,24,11019,codec_frames,5.226882457733154
4,TTS,6,24,5459,codec_frames,4.690196990966797
4,TTS,7,24,8712,codec_frames,5.087884426116943
5,Captioner,0,23,16719,sampled_tokens,18.09925365447998
5,Captioner,1,23,15518,sampled_tokens,17.684372425079346
5,Captioner,2,23,15541,sampled_tokens,17.79244327545166
5,Captioner,3,23,15469,sampled_tokens,17.766114234924316
5,Captioner,4,23,15563,sampled_tokens,17.72258758544922
5,Captioner,5,23,16280,sampled_tokens,17.93500566482544
5,Captioner,6,23,16326,sampled_tokens,17.90525770187378
5,Captioner,7,23,16884,sampled_tokens,17.79836893081665
5,TTS,0,25,8295,codec_frames,5.122008323669434
5,TTS,1,25,8971,codec_frames,5.1343255043029785
5,TTS,2,25,7189,codec_frames,4.8454132080078125
5,TTS,3,25,7888,codec_frames,5.08970832824707
5,TTS,4,24,6820,codec_frames,5.04706335067749
5,TTS,5,24,11060,codec_frames,5.2386250495910645
5,TTS,6,24,5518,codec_frames,4.70997428894043
5,TTS,7,24,8876,codec_frames,5.126383304595947
6,Captioner,0,23,15774,sampled_tokens,17.614341259002686
6,Captioner,1,23,16216,sampled_tokens,17.695685863494873
6,Captioner,2,23,15590,sampled_tokens,17.758450984954834
6,Captioner,3,23,15426,sampled_tokens,17.860482215881348
6,Captioner,4,23,15128,sampled_tokens,17.941538333892822
6,Captioner,5,23,15212,sampled_tokens,17.70426034927368
6,Captioner,6,23,14992,sampled_tokens,17.70186948776245
6,Captioner,7,23,15827,sampled_tokens,17.68267583847046
6,TTS,0,25,8460,codec_frames,5.083518028259277
6,TTS,1,25,8879,codec_frames,5.137670040130615
6,TTS,2,25,7145,codec_frames,4.845418930053711
6,TTS,3,25,7905,codec_frames,5.086333751678467
6,TTS,4,24,6724,codec_frames,5.047057628631592
6,TTS,5,24,11309,codec_frames,5.238631725311279
6,TTS,6,24,5491,codec_frames,4.652594089508057
6,TTS,7,24,8815,codec_frames,5.079514980316162
7,Captioner,0,23,17268,sampled_tokens,17.939520359039307
7,Captioner,1,23,16001,sampled_tokens,17.820897102355957
7,Captioner,2,23,16024,sampled_tokens,17.99246597290039
7,Captioner,3,23,15112,sampled_tokens,17.836925983428955
7,Captioner,4,23,15994,sampled_tokens,17.74403715133667
7,Captioner,5,23,15958,sampled_tokens,17.70199680328369
7,Captioner,6,23,15825,sampled_tokens,18.04857873916626
7,Captioner,7,23,16866,sampled_tokens,18.235583305358887
7,TTS,0,25,8155,codec_frames,5.079298496246338
7,TTS,1,25,8974,codec_frames,5.121761798858643
7,TTS,2,25,7234,codec_frames,4.823486328125
7,TTS,3,25,7981,codec_frames,5.093864440917969
7,TTS,4,24,7057,codec_frames,5.113164901733398
7,TTS,5,24,10838,codec_frames,5.238636493682861
7,TTS,6,24,5508,codec_frames,4.684924125671387
7,TTS,7,24,8906,codec_frames,5.126379489898682
8,Captioner,0,23,15554,sampled_tokens,17.726682662963867
8,Captioner,1,23,15954,sampled_tokens,17.660014629364014
8,Captioner,2,23,15635,sampled_tokens,17.64175319671631
8,Captioner,3,23,15415,sampled_tokens,17.732123374938965
8,Captioner,4,23,15827,sampled_tokens,17.47022008895874
8,Captioner,5,23,15994,sampled_tokens,17.870410919189453
8,Captioner,6,23,15783,sampled_tokens,17.98249387741089
8,Captioner,7,23,17150,sampled_tokens,17.89569330215454
8,TTS,0,25,8550,codec_frames,5.086862564086914
8,TTS,1,25,9019,codec_frames,5.105018615722656
8,TTS,2,25,7095,codec_frames,4.795286178588867
8,TTS,3,25,8194,codec_frames,5.200172424316406
8,TTS,4,24,6913,codec_frames,4.944907188415527
8,TTS,5,24,11349,codec_frames,5.238631725311279
8,TTS,6,24,5624,codec_frames,4.7162580490112305
8,TTS,7,24,8953,codec_frames,5.125545978546143
9,Captioner,0,23,16398,sampled_tokens,17.933271884918213
9,Captioner,1,23,15360,sampled_tokens,17.662667751312256
9,Captioner,2,23,16008,sampled_tokens,17.694491863250732
9,Captioner,3,23,15259,sampled_tokens,17.766682147979736
9,Captioner,4,23,16125,sampled_tokens,17.784897804260254
9,Captioner,5,23,15643,sampled_tokens,17.675304889678955
9,Captioner,6,23,16339,sampled_tokens,17.750231742858887
9,Captioner,7,23,16754,sampled_tokens,18.008986473083496
9,TTS,0,25,8394,codec_frames,5.096071243286133
9,TTS,1,25,8921,codec_frames,5.100849628448486
9,TTS,2,25,7137,codec_frames,4.857943534851074
9,TTS,3,25,7990,codec_frames,5.149961948394775
9,TTS,4,24,7022,codec_frames,5.068801403045654
9,TTS,5,24,11108,codec_frames,5.236115455627441
9,TTS,6,24,5518,codec_frames,4.622259616851807
9,TTS,7,24,8876,codec_frames,5.127222061157227
