trajectory,round,bleu_4,rouge_l,meteor,spider,fense,bertscore,clapscore,paraspeechcaps,stylecap
qwen_v1,base,1.6591790508401503e-06,0.471306053659437,0.16754216197355445,0.10091866261786309,0.9293687335285514,0.7302864193916321,,0.5519089878375597,0.5867609254498715
qwen_v1,r0,1.6306528994935481e-06,0.4702976852984482,0.16710175749576933,0.1008316060692106,0.9290212756027639,0.7302953600883484,,0.5508632240775098,0.5832262210796915
qwen_v1,r1,1.6413248909516082e-06,0.4709820387149459,0.16765241398257327,0.100952877124974,0.9303892846024674,0.7294811010360718,,0.5430484528698813,0.5825835475578406
qwen_v1,r2,1.6171710705878758e-06,0.47147142437638245,0.16704298394077483,0.10085067850521398,0.9318704945735823,0.7293329834938049,,0.5506676286676286,0.583547557840617
qwen_v1,r3,1.5388135140712273e-06,0.4698567264941827,0.1664244618497692,0.10064407178425551,0.9305601057269649,0.7302680015563965,,0.5499679447536593,0.5825835475578406
qwen_v1,r4,1.5091677170795156e-06,0.4695358808943899,0.16604860075934216,0.10050938353440181,0.9279556554052235,0.7283154129981995,,0.5489782347282347,0.5861182519280206
midasheng_v1,base,1.165828070677223e-06,0.2645554464881846,0.09364280243789828,0.053341088483191836,0.8716476425659848,0.6908627152442932,,0.2337674140767881,0.4045629820051414
midasheng_v1,r0,1.2160513180748035e-06,0.2666635791052825,0.09420745663700378,0.053770241275358226,0.871502472561465,0.6916311979293823,,0.23504957941557586,0.4023136246786633
midasheng_v1,r1,1.346113042536617e-06,0.2733342783222686,0.09533070019352936,0.05590140370648681,0.8744034160351494,0.690589964389801,,0.2478707476451565,0.40359897172236503
midasheng_v1,r2,1.1584644618870736e-06,0.27435373784108824,0.09652146850828833,0.056245047503480874,0.8743964104654876,0.6905595660209656,,0.26560134740833774,0.4055269922879177
midasheng_v1,r3,1.256329376750835e-06,0.2732324205276648,0.09715159088764706,0.0561539360465508,0.8766727247004561,0.6910956501960754,,0.28397306358701685,0.41516709511568123
midasheng_v1,r4,1.17057333274471e-06,0.27564125221875724,0.0977111478593999,0.056955484810263954,0.8795124806475306,0.6921553611755371,,0.2929488441881107,0.41002570694087404
midasheng_v1,r5,1.279545708511611e-06,0.27913986930912577,0.09910881831943466,0.05777992019548704,0.8788635275010435,0.6922181248664856,,0.29331516489543097,0.4093830334190231
midasheng_v1,r6,1.1760235964767551e-06,0.2772147407370819,0.09885133207634073,0.05749596891532837,0.8786074432423229,0.6914022564888,,0.29754565398306304,0.413560411311054
midasheng_v1,r7,1.1825688832998276e-06,0.28329318073013116,0.1004560225067994,0.05882928618389008,0.8816723951841031,0.6919629573822021,,0.3014942219444186,0.41420308483290486
midasheng_v1,r8,1.1841170639083492e-06,0.2829029943871836,0.1004653516581992,0.059132559928319874,0.883644241962858,0.6920642256736755,,0.30104655585389545,0.41323907455012854
midasheng_v1,r9,1.1337509220186086e-06,0.2835639147825801,0.1016589941717877,0.0591126133541693,0.8837431234513743,0.6916214227676392,,0.3122992138430959,0.4129177377892031
midasheng_v1,r10,1.1157613276701835e-06,0.2865580348880061,0.10226617776637614,0.05986444317128947,0.8838475110680406,0.6928479075431824,,0.30875462152806726,0.4170951156812339
midasheng_v1,r11,1.0597507551879524e-06,0.2857909710092682,0.10277619635646287,0.0597179806611631,0.8866383976488919,0.6921788454055786,,0.30869296132429014,0.41388174807197947
midasheng_v1,r12,9.973446881773415e-07,0.28471754817459316,0.10198180681686035,0.059402485311123264,0.8850137558608799,0.691557765007019,,0.3098646352305179,0.41516709511568123
midasheng_rewardv2,base,1.165828070677223e-06,0.2645554464881846,0.09364280243789828,0.053341088483191836,0.8716476425659848,0.6908627152442932,,0.2337674140767881,0.4045629820051414
midasheng_rewardv2,r0,1.1034152977448333e-06,0.26999432182561317,0.09419077349403754,0.054860945500804524,0.8743168696892454,0.6895620822906494,,0.2329942493719006,0.40359897172236503
midasheng_rewardv2,r1,1.185185556984481e-06,0.26974345250231263,0.09433836293285319,0.05467185098220416,0.873086344960936,0.6926571726799011,,0.23388691186947455,0.40424164524421596
midasheng_rewardv2,r2,1.1695220945547986e-06,0.26780088342395314,0.09353290264676109,0.054416864105195605,0.8732328053457618,0.6899299621582031,,0.23337400183255075,0.40681233933161953
midasheng_rewardv2,r3,1.1284671837322377e-06,0.26889400367688693,0.09399010447925825,0.05451458615779969,0.874017371255045,0.6899284720420837,,0.22654625242653736,0.40424164524421596
midasheng_rewardv2,r4,1.1128858272162656e-06,0.2698014536893781,0.09442050728967284,0.05484522504772144,0.8748294346656375,0.6899964809417725,,0.2310210052752006,0.4064910025706941
midasheng_rewardv2,r5,1.0683543363997527e-06,0.2691760789043459,0.09439147116292566,0.05455133220518298,0.8737348503649945,0.6914123296737671,,0.23698220315254745,0.4032776349614396
midasheng_rewardv2,r6,1.1942930682145973e-06,0.272588815769133,0.094919194904248,0.05559014310949164,0.8750121326907551,0.6911493539810181,,0.23163613246828071,0.4023136246786632
midasheng_rewardv2,r7,1.1315283632990422e-06,0.2705341964966131,0.09436061985966349,0.055117517156564565,0.8733430550004484,0.690026581287384,,0.23692070427352924,0.4052056555269923
midasheng_rewardv2,r8,1.155047379411799e-06,0.2716123326592165,0.09459920787177196,0.05538482841029622,0.8747439465725465,0.6914522647857666,,0.23343216269350903,0.4055269922879177
midasheng_rewardv2,r9,1.2713003124439879e-06,0.273266549237741,0.09504134363925233,0.05570082321445101,0.8767661821971969,0.6904604434967041,,0.23942023852943572,0.4074550128534704
midasheng_rewardv2,r10,1.2252841048590632e-06,0.2723406967715288,0.09511489000963926,0.05549440565639265,0.8744207038726134,0.6903086304664612,,0.24682335075852835,0.40488431876606684
midasheng_rewardv2,r11,1.360563914953637e-06,0.2749721319788443,0.09626068404001926,0.05643092073711501,0.874852181213269,0.691615879535675,,0.25012468268799315,0.40713367609254497
midasheng_rewardv2,r12,1.2986272440402907e-06,0.277405883582883,0.09628433099186771,0.05700193669970365,0.8762095849862551,0.6912884712219238,,0.25437811101739954,0.40616966580976865
midasheng_rewardv3,base,1.165828070677223e-06,0.2645554464881846,0.09364280243789828,0.053341088483191836,0.8716476425659848,0.6908627152442932,,0.2337674140767881,0.4045629820051414
midasheng_rewardv3,r0,1.1469921633251372e-06,0.2678906983982858,0.09398825290131703,0.0544452091999439,0.8710596709717365,0.69120192527771,,0.235866857944198,0.4026349614395887
midasheng_rewardv3,r1,1.0996207257147634e-06,0.27060724597649904,0.09461786247007414,0.05500072122965515,0.8748445448416883,0.6921875476837158,,0.2303394727248087,0.4064910025706941
midasheng_rewardv3,r2,1.1789862355383231e-06,0.2671188601787487,0.09403123509094795,0.054140214405404175,0.8729358752846657,0.6913987994194031,,0.23070435239071507,0.4055269922879177
midasheng_rewardv3,r3,1.1833754894757838e-06,0.2641983647942731,0.09351444108670953,0.05334727503566135,0.8722310227455408,0.6898187398910522,,0.22881978465317246,0.40488431876606684
midasheng_rewardv3,r4,1.024270197232964e-06,0.2692440925140217,0.0941677373920721,0.05459588044213199,0.8746546453951306,0.6919991374015808,,0.23216226513085506,0.4023136246786633
midasheng_rewardv3,r5,1.1889975581185888e-06,0.2686915947422339,0.09451586844213053,0.05456786682561548,0.8738229619369043,0.6913254261016846,,0.23478536963892774,0.40616966580976865
midasheng_rewardv3,r6,1.1387794759504777e-06,0.26467668304792075,0.09338048254939206,0.05339284802907377,0.8712956453741617,0.6898273229598999,,0.2292177470214819,0.4077763496143959
midasheng_rewardv3,r7,1.1457531825581686e-06,0.2691932284849441,0.09415399604142989,0.054916667485000785,0.8735985003060291,0.6907199025154114,,0.23529306393312877,0.40616966580976865
midasheng_rewardv3,r8,1.1344714906690711e-06,0.2645361921032375,0.09329844246655765,0.0536165248099754,0.8718434721432307,0.6892701983451843,,0.23300287275482054,0.4032776349614396
midasheng_rewardv3,r9,1.0994274791342078e-06,0.2678716828991722,0.09461576374566177,0.0543448563478153,0.8723705248520003,0.6912606954574585,,0.24099433036069468,0.40070694087403597
