round,stage,category,seconds,status,path,sha256
0,audio_caption_quality,collections,56.11983719840646,complete,/data/L202500147/Caption/DualISL_Train_RewardV3/runs/midasheng_7b_reward_v3_10rounds_20260905_run01/round_000/collections/round_000_audio_caption_quality.stage.json,75192c20e8a28d1cd575aa6c238bffe46db17384e2ea00082c160109cbfa3b5b
0,audio_caption_rollout,collections,1927.8379237763584,complete,/data/L202500147/Caption/DualISL_Train_RewardV3/runs/midasheng_7b_reward_v3_10rounds_20260905_run01/round_000/collections/round_000_audio_caption_rollout.stage.json,c021f4b3e67128bf2aaf546ec4307439de6ed61027ff9511e1977a93dd179b51
0,audio_tts_anchor_reconstruction,collections,76.72629361599684,complete,/data/L202500147/Caption/DualISL_Train_RewardV3/runs/midasheng_7b_reward_v3_10rounds_20260905_run01/round_000/collections/round_000_audio_tts_anchor_reconstruction.stage.json,a0eb2af764430a7b468ae51fe23048a608af6acafacf89c6a7d85e23729bf6dd
0,audio_tts_reconstruction,collections,86.41377996839583,complete,/data/L202500147/Caption/DualISL_Train_RewardV3/runs/midasheng_7b_reward_v3_10rounds_20260905_run01/round_000/collections/round_000_audio_tts_reconstruction.stage.json,e443e607f5da61f0795f5d35d96a24f780c276a4616132913585a81bbbb2da55
0,caption_anchor_reconstruction,collections,191.02881287783384,complete,/data/L202500147/Caption/DualISL_Train_RewardV3/runs/midasheng_7b_reward_v3_10rounds_20260905_run01/round_000/collections/round_000_caption_anchor_reconstruction.stage.json,001840fdb41e0a8a766c7f7715db54a361b6b9dfaa6017b7d61327b278f7e0e6
0,caption_audio_quality,collections,73.53929594159126,complete,/data/L202500147/Caption/DualISL_Train_RewardV3/runs/midasheng_7b_reward_v3_10rounds_20260905_run01/round_000/collections/round_000_caption_audio_quality.stage.json,bdcc3db14d6a39722ee1dd788505e36481999d35197f960caad1ff1255f54d61
0,caption_caption_reconstruction,collections,209.39073492959142,complete,/data/L202500147/Caption/DualISL_Train_RewardV3/runs/midasheng_7b_reward_v3_10rounds_20260905_run01/round_000/collections/round_000_caption_caption_reconstruction.stage.json,71a413c7eca469c2517e0a00f78969a8c135043a0efab55de16ea8fa0b811958
0,caption_tts_rollout,collections,4866.71107096225,complete,/data/L202500147/Caption/DualISL_Train_RewardV3/runs/midasheng_7b_reward_v3_10rounds_20260905_run01/round_000/collections/round_000_caption_tts_rollout.stage.json,a7f66592515569b3637eea617f74ab60ea45e11f3fcb330bc32a85e901c02a5e
0,sftcal_caption_anchor,sft_calibration,160.07291023433208,complete,/data/L202500147/Caption/DualISL_Train_RewardV3/runs/midasheng_7b_reward_v3_10rounds_20260905_run01/round_000/sft_calibration/round_000_sftcal_caption_anchor.stage.json,20a8e7d361a36d34d92561b8927b604ce4711fe2c2b13e6712e7333187201b49
0,sftcal_caption_current,sft_calibration,170.5600135549903,complete,/data/L202500147/Caption/DualISL_Train_RewardV3/runs/midasheng_7b_reward_v3_10rounds_20260905_run01/round_000/sft_calibration/round_000_sftcal_caption_current.stage.json,ffd5e614d302d29933afec6c6c4dada63182315d3ed09ae0da68de85d227cc6c
0,sftcal_tts_anchor,sft_calibration,86.10255813598633,complete,/data/L202500147/Caption/DualISL_Train_RewardV3/runs/midasheng_7b_reward_v3_10rounds_20260905_run01/round_000/sft_calibration/round_000_sftcal_tts_anchor.stage.json,2a47c5e51521012de838c541e9ee29f2cfde344e98922e0258f731896a7f4cdf
0,sftcal_tts_current,sft_calibration,95.7149062063545,complete,/data/L202500147/Caption/DualISL_Train_RewardV3/runs/midasheng_7b_reward_v3_10rounds_20260905_run01/round_000/sft_calibration/round_000_sftcal_tts_current.stage.json,267b16560feb70f576ce732170457921dcd6ddd90a67c174ff3850e7be4bfd57
0,caption_grpo,training,2448.798304291442,complete,/data/L202500147/Caption/DualISL_Train_RewardV3/runs/midasheng_7b_reward_v3_10rounds_20260905_run01/round_000/training/round_000_caption_grpo.stage.json,abed3bc1054a0ef56fda25b68d4b52c5293e37019be78904b4fd33eb5631e614
0,caption_sft,training,166.1414066310972,complete,/data/L202500147/Caption/DualISL_Train_RewardV3/runs/midasheng_7b_reward_v3_10rounds_20260905_run01/round_000/training/round_000_caption_sft.stage.json,878a8df7d409f838016bf834d49bb167dd31a69a4b1e6cf1e115b41606dc1800
0,tts_grpo,training,4128.622138928622,complete,/data/L202500147/Caption/DualISL_Train_RewardV3/runs/midasheng_7b_reward_v3_10rounds_20260905_run01/round_000/training/round_000_tts_grpo.stage.json,e751da25b1cf01b2506108d2cde9d23b44eaa7335ff1f9bba54a0fb0c5b71623
0,tts_sft,training,196.2847050577402,complete,/data/L202500147/Caption/DualISL_Train_RewardV3/runs/midasheng_7b_reward_v3_10rounds_20260905_run01/round_000/training/round_000_tts_sft.stage.json,c34fdd93bc30fd7f273746bff9dcd5e81f8cd6613743011a8ecec7980ad140cb
0,caption_reload,verification,87.54932538792491,complete,/data/L202500147/Caption/DualISL_Train_RewardV3/runs/midasheng_7b_reward_v3_10rounds_20260905_run01/round_000/verification/round_000_caption_reload.stage.json,ef4549a7830766e4b81385c47b0ddccbac2147be3205fcc61e6dc3ac7ab1afb1
0,tts_reload,verification,50.08687805198133,complete,/data/L202500147/Caption/DualISL_Train_RewardV3/runs/midasheng_7b_reward_v3_10rounds_20260905_run01/round_000/verification/round_000_tts_reload.stage.json,53180be07eb390e0c5e93e398b71f8cf055a1d9ebe432d5f70b480b73169748e
1,audio_caption_quality,collections,59.63821894861758,complete,/data/L202500147/Caption/DualISL_Train_RewardV3/runs/midasheng_7b_reward_v3_10rounds_20260905_run01/round_001/collections/round_001_audio_caption_quality.stage.json,afedb5cccad0d15df6f977eb93c577136d583842a7ff86dd43521a14daf65539
1,audio_caption_rollout,collections,2239.786645039916,complete,/data/L202500147/Caption/DualISL_Train_RewardV3/runs/midasheng_7b_reward_v3_10rounds_20260905_run01/round_001/collections/round_001_audio_caption_rollout.stage.json,f029abb425233f1de9f88a506f3bc572340c5cc94b55465fe44b54fd5cc068be
1,audio_tts_anchor_reconstruction,collections,84.04649077542126,complete,/data/L202500147/Caption/DualISL_Train_RewardV3/runs/midasheng_7b_reward_v3_10rounds_20260905_run01/round_001/collections/round_001_audio_tts_anchor_reconstruction.stage.json,6ae3d7aec00d206cc0bbd58fb22896c0e1790a8c2e0a1faa37e1f0d32e42eb6f
1,audio_tts_reconstruction,collections,107.63755985349417,complete,/data/L202500147/Caption/DualISL_Train_RewardV3/runs/midasheng_7b_reward_v3_10rounds_20260905_run01/round_001/collections/round_001_audio_tts_reconstruction.stage.json,a5899732c8bdf949b7638352044700f8c3b44b7b67695a9cae5b1874e7ed0bce
1,caption_anchor_reconstruction,collections,200.07943070493639,complete,/data/L202500147/Caption/DualISL_Train_RewardV3/runs/midasheng_7b_reward_v3_10rounds_20260905_run01/round_001/collections/round_001_caption_anchor_reconstruction.stage.json,99a0845e22ae1b7f59a378c479e5b26d47c5759f0f12734ec09638053e39a0a4
1,caption_audio_quality,collections,73.93960910104215,complete,/data/L202500147/Caption/DualISL_Train_RewardV3/runs/midasheng_7b_reward_v3_10rounds_20260905_run01/round_001/collections/round_001_caption_audio_quality.stage.json,7958cfa34359665378ec139612a57fb7063592880def31b207cf40d55f9f660a
1,caption_caption_reconstruction,collections,229.11052000522614,complete,/data/L202500147/Caption/DualISL_Train_RewardV3/runs/midasheng_7b_reward_v3_10rounds_20260905_run01/round_001/collections/round_001_caption_caption_reconstruction.stage.json,29e2910ca82b0901b9ece3008d346edb34aa2f531e208d31fc843b5ff86e2c2e
1,caption_tts_rollout,collections,5285.18713580817,complete,/data/L202500147/Caption/DualISL_Train_RewardV3/runs/midasheng_7b_reward_v3_10rounds_20260905_run01/round_001/collections/round_001_caption_tts_rollout.stage.json,a2fcdf26df7a79cc815700b4d117f1176ed348cb74075785f52c528fd4589438
1,sftcal_caption_anchor,sft_calibration,158.15735888667405,complete,/data/L202500147/Caption/DualISL_Train_RewardV3/runs/midasheng_7b_reward_v3_10rounds_20260905_run01/round_001/sft_calibration/round_001_sftcal_caption_anchor.stage.json,3a1e707c1b07ba0a5de2f71a1544f2d76cb08f5b5adf266b747fdc9a7073edc3
1,sftcal_caption_current,sft_calibration,186.4951935298741,complete,/data/L202500147/Caption/DualISL_Train_RewardV3/runs/midasheng_7b_reward_v3_10rounds_20260905_run01/round_001/sft_calibration/round_001_sftcal_caption_current.stage.json,9fe5212eda41673eeee0e804878a2e5289b471fcfe53bcf7d5f99aba8ad8b6ea
1,sftcal_tts_anchor,sft_calibration,91.64165588654578,complete,/data/L202500147/Caption/DualISL_Train_RewardV3/runs/midasheng_7b_reward_v3_10rounds_20260905_run01/round_001/sft_calibration/round_001_sftcal_tts_anchor.stage.json,c4550ac094eb63bc6a34d687d0064ce3a35e99c16f0d0596985f880bb48696ba
1,sftcal_tts_current,sft_calibration,113.93649271316826,complete,/data/L202500147/Caption/DualISL_Train_RewardV3/runs/midasheng_7b_reward_v3_10rounds_20260905_run01/round_001/sft_calibration/round_001_sftcal_tts_current.stage.json,dc0dface46e1775864f7981c4722877e56e92ba28ce303c5c2347c66079ddeb7
1,caption_grpo,training,2416.0627171117812,complete,/data/L202500147/Caption/DualISL_Train_RewardV3/runs/midasheng_7b_reward_v3_10rounds_20260905_run01/round_001/training/round_001_caption_grpo.stage.json,4b25ef24a25aef623d78f10633e145a563f52b52e9de9675425fa5aa60a0a3b2
1,caption_sft,training,170.58844787627459,complete,/data/L202500147/Caption/DualISL_Train_RewardV3/runs/midasheng_7b_reward_v3_10rounds_20260905_run01/round_001/training/round_001_caption_sft.stage.json,1aea7dac10859f9904af6028182f26a383cb6ac3e37828e34f41e81029a5dcf4
1,tts_grpo,training,4196.8116113469005,complete,/data/L202500147/Caption/DualISL_Train_RewardV3/runs/midasheng_7b_reward_v3_10rounds_20260905_run01/round_001/training/round_001_tts_grpo.stage.json,fd0cf49818770d50269092da10cca0750687fed21418c33687b4a3ba45de2907
1,tts_sft,training,193.98996555246413,complete,/data/L202500147/Caption/DualISL_Train_RewardV3/runs/midasheng_7b_reward_v3_10rounds_20260905_run01/round_001/training/round_001_tts_sft.stage.json,c63e7410576c5334d0cb6b21ff3a64befeaccd82271b6e4b23b05173f8826ff9
1,caption_reload,verification,86.05859245546162,complete,/data/L202500147/Caption/DualISL_Train_RewardV3/runs/midasheng_7b_reward_v3_10rounds_20260905_run01/round_001/verification/round_001_caption_reload.stage.json,a4facbfdd85e0e7ce90509d79d96b9f39d4cbedbd465db8b42a778e88dedbe43
1,tts_reload,verification,51.910302767530084,complete,/data/L202500147/Caption/DualISL_Train_RewardV3/runs/midasheng_7b_reward_v3_10rounds_20260905_run01/round_001/verification/round_001_tts_reload.stage.json,2a745256168e99e8a0b8ae2fc0058dd2dd4c167041e874010d6f8f529871dfa3
2,audio_caption_quality,collections,64.70662054419518,complete,/data/L202500147/Caption/DualISL_Train_RewardV3/runs/midasheng_7b_reward_v3_10rounds_20260905_run01/round_002/collections/round_002_audio_caption_quality.stage.json,3145d6835d8243b127e712e4b3d5f6636a1c3e657bcd5c9a3e741208bc7e8831
2,audio_caption_rollout,collections,2262.370061542839,complete,/data/L202500147/Caption/DualISL_Train_RewardV3/runs/midasheng_7b_reward_v3_10rounds_20260905_run01/round_002/collections/round_002_audio_caption_rollout.stage.json,fdb674bd7fe1d241bdcd71b83a0ccb5680960037aa1f539a871d8612d8cf3047
2,audio_tts_anchor_reconstruction,collections,96.32774155028164,complete,/data/L202500147/Caption/DualISL_Train_RewardV3/runs/midasheng_7b_reward_v3_10rounds_20260905_run01/round_002/collections/round_002_audio_tts_anchor_reconstruction.stage.json,60f5d523b9d8b5664d24538933ab0f4cb944b28471b74a856119de2b7b9baae6
2,audio_tts_reconstruction,collections,114.33429664745927,complete,/data/L202500147/Caption/DualISL_Train_RewardV3/runs/midasheng_7b_reward_v3_10rounds_20260905_run01/round_002/collections/round_002_audio_tts_reconstruction.stage.json,66818a6ecadcb295284e8d96141fe4333f7b117bbb2246e1642808dee03c71e4
2,caption_anchor_reconstruction,collections,210.20870729535818,complete,/data/L202500147/Caption/DualISL_Train_RewardV3/runs/midasheng_7b_reward_v3_10rounds_20260905_run01/round_002/collections/round_002_caption_anchor_reconstruction.stage.json,d5f2421d23f1d81b2782cae11b9265a3c03005d64c98f5e963e5eda568892b3d
2,caption_audio_quality,collections,77.28280748985708,complete,/data/L202500147/Caption/DualISL_Train_RewardV3/runs/midasheng_7b_reward_v3_10rounds_20260905_run01/round_002/collections/round_002_caption_audio_quality.stage.json,877f4142f2cd6546c0160f165b1e2d8e499a0b318f6dee52ad00e58ec9329011
2,caption_caption_reconstruction,collections,225.07639444991946,complete,/data/L202500147/Caption/DualISL_Train_RewardV3/runs/midasheng_7b_reward_v3_10rounds_20260905_run01/round_002/collections/round_002_caption_caption_reconstruction.stage.json,f545a9a3dd261ea1988f260f127c9eb15f4e0d646af96e492b18dba811aa8c4a
2,caption_tts_rollout,collections,5773.199259439483,complete,/data/L202500147/Caption/DualISL_Train_RewardV3/runs/midasheng_7b_reward_v3_10rounds_20260905_run01/round_002/collections/round_002_caption_tts_rollout.stage.json,af3c7fc7ed7be87fb24239913e1537d4c209a707e250d3e3a6a0fd34dac21ad2
2,sftcal_caption_anchor,sft_calibration,169.48511128127575,complete,/data/L202500147/Caption/DualISL_Train_RewardV3/runs/midasheng_7b_reward_v3_10rounds_20260905_run01/round_002/sft_calibration/round_002_sftcal_caption_anchor.stage.json,c5b54faf383b23c05b2abf3749f6d25d88fbd30cfa35dc62fed4f3afd108dfde
2,sftcal_caption_current,sft_calibration,184.45573774911463,complete,/data/L202500147/Caption/DualISL_Train_RewardV3/runs/midasheng_7b_reward_v3_10rounds_20260905_run01/round_002/sft_calibration/round_002_sftcal_caption_current.stage.json,de8c5ef57f12a9fd2e6c67773e1e3d2f0a41bfa14004e812f7daa007ba9e7584
2,sftcal_tts_anchor,sft_calibration,186.14725712314248,complete,/data/L202500147/Caption/DualISL_Train_RewardV3/runs/midasheng_7b_reward_v3_10rounds_20260905_run01/round_002/sft_calibration/round_002_sftcal_tts_anchor.stage.json,e6f7662c1fc56a725473f2da6662ea4801130d64795e69740d2a1034bdb371de
2,sftcal_tts_current,sft_calibration,196.2868793271482,complete,/data/L202500147/Caption/DualISL_Train_RewardV3/runs/midasheng_7b_reward_v3_10rounds_20260905_run01/round_002/sft_calibration/round_002_sftcal_tts_current.stage.json,9fb4847fd1332012089bcb469947974b10692ffb4aaf0e400e522444673474a5
2,caption_grpo,training,2456.7695325855166,complete,/data/L202500147/Caption/DualISL_Train_RewardV3/runs/midasheng_7b_reward_v3_10rounds_20260905_run01/round_002/training/round_002_caption_grpo.stage.json,e3d2329c68dc04252f6e318fe7c8e583d3f1499f5e6e2eca52988ff5310cd0f5
2,caption_sft,training,174.74657103605568,complete,/data/L202500147/Caption/DualISL_Train_RewardV3/runs/midasheng_7b_reward_v3_10rounds_20260905_run01/round_002/training/round_002_caption_sft.stage.json,a2c13e0dfef2b5c8b819ce708ea9a57e3621bbb73b1898c74cc53c10ff8b0782
2,tts_grpo,training,4152.229365710169,complete,/data/L202500147/Caption/DualISL_Train_RewardV3/runs/midasheng_7b_reward_v3_10rounds_20260905_run01/round_002/training/round_002_tts_grpo.stage.json,cd3e0d31894afb7e086cdc4e1e503d2cca8ba24716c186670a88985a940b5775
2,tts_sft,training,99.85280619561672,complete,/data/L202500147/Caption/DualISL_Train_RewardV3/runs/midasheng_7b_reward_v3_10rounds_20260905_run01/round_002/training/round_002_tts_sft.stage.json,ea6e9137e020a8da183eaf748dafde36abd31771fc6528fbd2e77844395a5bba
2,caption_reload,verification,85.073933692649,complete,/data/L202500147/Caption/DualISL_Train_RewardV3/runs/midasheng_7b_reward_v3_10rounds_20260905_run01/round_002/verification/round_002_caption_reload.stage.json,5acfffde862cd1745ddbf1ffd3e5d1ba1e85888f358b8080345586fc7a87eeba
2,tts_reload,verification,169.52485994435847,complete,/data/L202500147/Caption/DualISL_Train_RewardV3/runs/midasheng_7b_reward_v3_10rounds_20260905_run01/round_002/verification/round_002_tts_reload.stage.json,ad338d9d05db40512bcda716d527573f1c61e7f21effa4bc06b84cae0f302a2a
3,audio_caption_quality,collections,52.98189575970173,complete,/data/L202500147/Caption/DualISL_Train_RewardV3/runs/midasheng_7b_reward_v3_10rounds_20260905_run01/round_003/collections/round_003_audio_caption_quality.stage.json,f177024d4770ac821dc86ac4e51aee9f1fad0091d0721c3d2cd54354c0c0fad5
3,audio_caption_rollout,collections,2017.2693231105804,complete,/data/L202500147/Caption/DualISL_Train_RewardV3/runs/midasheng_7b_reward_v3_10rounds_20260905_run01/round_003/collections/round_003_audio_caption_rollout.stage.json,51c3931f9976b0b0fc4c49336b3a6b39011640721d0897e41ea0bf61a76c0da1
3,audio_tts_anchor_reconstruction,collections,75.1196353007108,complete,/data/L202500147/Caption/DualISL_Train_RewardV3/runs/midasheng_7b_reward_v3_10rounds_20260905_run01/round_003/collections/round_003_audio_tts_anchor_reconstruction.stage.json,443942b7d3092e16d8c7e5cfc49f273543a589510ac4e33f11d71b3d1a68dfe4
3,audio_tts_reconstruction,collections,95.90074561536312,complete,/data/L202500147/Caption/DualISL_Train_RewardV3/runs/midasheng_7b_reward_v3_10rounds_20260905_run01/round_003/collections/round_003_audio_tts_reconstruction.stage.json,0ea8d3244c66679ae6a34ea106e037d375de5a0c1081bd71a2c58513a1ec57d5
3,caption_anchor_reconstruction,collections,181.02495983615518,complete,/data/L202500147/Caption/DualISL_Train_RewardV3/runs/midasheng_7b_reward_v3_10rounds_20260905_run01/round_003/collections/round_003_caption_anchor_reconstruction.stage.json,00d609aa87a800e0ac52219e880eb4d2eb4fa32222d1f37cb07bdf0deec2a3d0
3,caption_audio_quality,collections,69.04915380291641,complete,/data/L202500147/Caption/DualISL_Train_RewardV3/runs/midasheng_7b_reward_v3_10rounds_20260905_run01/round_003/collections/round_003_caption_audio_quality.stage.json,969a92be7d24c39a5c7190ab8a5b6ca86b017587d16010263a245de9afda073e
3,caption_caption_reconstruction,collections,212.31353869102895,complete,/data/L202500147/Caption/DualISL_Train_RewardV3/runs/midasheng_7b_reward_v3_10rounds_20260905_run01/round_003/collections/round_003_caption_caption_reconstruction.stage.json,b9c92eb398059220452f528a1ec51273280b6567daecc9b705792da5295750fe
3,caption_tts_rollout,collections,4954.858334928751,complete,/data/L202500147/Caption/DualISL_Train_RewardV3/runs/midasheng_7b_reward_v3_10rounds_20260905_run01/round_003/collections/round_003_caption_tts_rollout.stage.json,4901871da8cb30cde6df26873924af9b59bd440555bff4f0ce4900994aa0be7d
3,sftcal_caption_anchor,sft_calibration,152.8136517945677,complete,/data/L202500147/Caption/DualISL_Train_RewardV3/runs/midasheng_7b_reward_v3_10rounds_20260905_run01/round_003/sft_calibration/round_003_sftcal_caption_anchor.stage.json,879ee9fcf6d9fb9cf1cf97c04e83e9012775f6c073a6459d23ddc98d3b3875bf
3,sftcal_caption_current,sft_calibration,169.19378072023392,complete,/data/L202500147/Caption/DualISL_Train_RewardV3/runs/midasheng_7b_reward_v3_10rounds_20260905_run01/round_003/sft_calibration/round_003_sftcal_caption_current.stage.json,3c61bf6fef80050b83fc35224beeb332f3311bc68024606e0511c096d7e51350
3,sftcal_tts_anchor,sft_calibration,81.44167681783438,complete,/data/L202500147/Caption/DualISL_Train_RewardV3/runs/midasheng_7b_reward_v3_10rounds_20260905_run01/round_003/sft_calibration/round_003_sftcal_tts_anchor.stage.json,89c1e3eed8c4a5f7b135b179eb3cf2477da29f36fc31bbdfd7a0a09f2b658817
3,sftcal_tts_current,sft_calibration,106.15101058781147,complete,/data/L202500147/Caption/DualISL_Train_RewardV3/runs/midasheng_7b_reward_v3_10rounds_20260905_run01/round_003/sft_calibration/round_003_sftcal_tts_current.stage.json,11a9d398963a2b0c547af8decfd2eab5c3aa0bf79888d1fdf2799b0607b2e8af
3,caption_grpo,training,2246.3992091715336,complete,/data/L202500147/Caption/DualISL_Train_RewardV3/runs/midasheng_7b_reward_v3_10rounds_20260905_run01/round_003/training/round_003_caption_grpo.stage.json,c1798fc306c367109b7b06273ea1e3948b10ca32810ee918a8d5fa02e8dc679d
3,caption_sft,training,151.63737067207694,complete,/data/L202500147/Caption/DualISL_Train_RewardV3/runs/midasheng_7b_reward_v3_10rounds_20260905_run01/round_003/training/round_003_caption_sft.stage.json,0db3d84b0722ace82b6bad0aed2fc32cde594628c4cf235de5534ccdf1f4c75f
3,tts_grpo,training,3865.157844364643,complete,/data/L202500147/Caption/DualISL_Train_RewardV3/runs/midasheng_7b_reward_v3_10rounds_20260905_run01/round_003/training/round_003_tts_grpo.stage.json,6ae3f7364924efedd3078c7fdf6963bb883199e27d396ca20e94aa03dfcb63b8
3,tts_sft,training,188.74710034392774,complete,/data/L202500147/Caption/DualISL_Train_RewardV3/runs/midasheng_7b_reward_v3_10rounds_20260905_run01/round_003/training/round_003_tts_sft.stage.json,d4ef723ed429ee052f5462de08878b064131b633d92815caf205d8487dcc6bda
3,caption_reload,verification,76.54401617869735,complete,/data/L202500147/Caption/DualISL_Train_RewardV3/runs/midasheng_7b_reward_v3_10rounds_20260905_run01/round_003/verification/round_003_caption_reload.stage.json,e2adc0d525330f7b9fbeb3abd30eb52e8afb06b4fe78c345d95ce460d57ecb5c
3,tts_reload,verification,41.61775292083621,complete,/data/L202500147/Caption/DualISL_Train_RewardV3/runs/midasheng_7b_reward_v3_10rounds_20260905_run01/round_003/verification/round_003_tts_reload.stage.json,112e0c8b957492f0d6816441c154d207d9d5d72169108ea3acb981de13cd8830
4,audio_caption_quality,collections,53.36196215264499,complete,/data/L202500147/Caption/DualISL_Train_RewardV3/runs/midasheng_7b_reward_v3_10rounds_20260905_run01/round_004/collections/round_004_audio_caption_quality.stage.json,c9665ee7ded2d332077d5cc660f58efc4b9f5068833d91528b02e7ba4b9bf836
4,audio_caption_rollout,collections,2010.8438539020717,complete,/data/L202500147/Caption/DualISL_Train_RewardV3/runs/midasheng_7b_reward_v3_10rounds_20260905_run01/round_004/collections/round_004_audio_caption_rollout.stage.json,fa768d64053bc034324aa3d4231f4c8bcd78b755cb8401539c77c761c4731dc6
4,audio_tts_anchor_reconstruction,collections,76.17738608829677,complete,/data/L202500147/Caption/DualISL_Train_RewardV3/runs/midasheng_7b_reward_v3_10rounds_20260905_run01/round_004/collections/round_004_audio_tts_anchor_reconstruction.stage.json,7cd4cdf3013d27aeb382139cfc7e63c771c8f16fe8d42452db288f0fdf7cd8b8
4,audio_tts_reconstruction,collections,101.832096721977,complete,/data/L202500147/Caption/DualISL_Train_RewardV3/runs/midasheng_7b_reward_v3_10rounds_20260905_run01/round_004/collections/round_004_audio_tts_reconstruction.stage.json,cd5d9ebca06a931d4b48dc316efbd57841460d84367415547cffc94f008765d6
4,caption_anchor_reconstruction,collections,182.71574838645756,complete,/data/L202500147/Caption/DualISL_Train_RewardV3/runs/midasheng_7b_reward_v3_10rounds_20260905_run01/round_004/collections/round_004_caption_anchor_reconstruction.stage.json,226a5037fc34ef654b3d31a92a5fc8e51d6dbd51a1fd3ddea0ad24686942d494
4,caption_audio_quality,collections,66.26895687170327,complete,/data/L202500147/Caption/DualISL_Train_RewardV3/runs/midasheng_7b_reward_v3_10rounds_20260905_run01/round_004/collections/round_004_caption_audio_quality.stage.json,b21e6d32d65625010a59b56dab2fcd2e10a7d9297af1f8e62c4e25151c52a5eb
4,caption_caption_reconstruction,collections,208.09964219108224,complete,/data/L202500147/Caption/DualISL_Train_RewardV3/runs/midasheng_7b_reward_v3_10rounds_20260905_run01/round_004/collections/round_004_caption_caption_reconstruction.stage.json,dd90021f66abf00855054dfdbd355dd9fe46a8e0db3fa2ce41599a845b2087c8
4,caption_tts_rollout,collections,4921.890758158639,complete,/data/L202500147/Caption/DualISL_Train_RewardV3/runs/midasheng_7b_reward_v3_10rounds_20260905_run01/round_004/collections/round_004_caption_tts_rollout.stage.json,d46686a81f06c1de93f07d967946504663579648e0bac273496e954731377ec6
4,sftcal_caption_anchor,sft_calibration,150.53036819957197,complete,/data/L202500147/Caption/DualISL_Train_RewardV3/runs/midasheng_7b_reward_v3_10rounds_20260905_run01/round_004/sft_calibration/round_004_sftcal_caption_anchor.stage.json,a111b3a290b06c02d08449176a997037e4343fc696f93571fe91044b033eaae2
4,sftcal_caption_current,sft_calibration,166.30099583603442,complete,/data/L202500147/Caption/DualISL_Train_RewardV3/runs/midasheng_7b_reward_v3_10rounds_20260905_run01/round_004/sft_calibration/round_004_sftcal_caption_current.stage.json,644cd0699054ef976037ec5dc1be2cc10531e15b4ee635e2617fb384f83db24f
4,sftcal_tts_anchor,sft_calibration,79.38612847216427,complete,/data/L202500147/Caption/DualISL_Train_RewardV3/runs/midasheng_7b_reward_v3_10rounds_20260905_run01/round_004/sft_calibration/round_004_sftcal_tts_anchor.stage.json,5c9558c1952b1519a168c4b472931a8beba473366f7ecdf75d2ad4a64fd5e34f
4,sftcal_tts_current,sft_calibration,100.64979246258736,complete,/data/L202500147/Caption/DualISL_Train_RewardV3/runs/midasheng_7b_reward_v3_10rounds_20260905_run01/round_004/sft_calibration/round_004_sftcal_tts_current.stage.json,eec221e9fa6fabf56d4cbb91070b3f4a7c7bfd3b9d168c409191a522896b196f
4,caption_grpo,training,2296.065090343356,complete,/data/L202500147/Caption/DualISL_Train_RewardV3/runs/midasheng_7b_reward_v3_10rounds_20260905_run01/round_004/training/round_004_caption_grpo.stage.json,28bd915149c25a2dc83a35eb53ded0f96ff241fbfebeec1081c70d11b800f8dd
4,caption_sft,training,153.6053662803024,complete,/data/L202500147/Caption/DualISL_Train_RewardV3/runs/midasheng_7b_reward_v3_10rounds_20260905_run01/round_004/training/round_004_caption_sft.stage.json,1e6d801890943a1d916f3b832ff6a9287d8fe4f0f6402cca0589bc20a29ff805
4,tts_grpo,training,3788.7570031248033,complete,/data/L202500147/Caption/DualISL_Train_RewardV3/runs/midasheng_7b_reward_v3_10rounds_20260905_run01/round_004/training/round_004_tts_grpo.stage.json,dc9423d2341e092e5806898290273024988f317e7fcbe9a0918ee9ca15c54bb8
4,tts_sft,training,96.31408764235675,complete,/data/L202500147/Caption/DualISL_Train_RewardV3/runs/midasheng_7b_reward_v3_10rounds_20260905_run01/round_004/training/round_004_tts_sft.stage.json,9fe84f1336ce9fd324d00221dbdb4a913f5419f583cfa5bc265cd991228e1080
4,caption_reload,verification,80.46640778146684,complete,/data/L202500147/Caption/DualISL_Train_RewardV3/runs/midasheng_7b_reward_v3_10rounds_20260905_run01/round_004/verification/round_004_caption_reload.stage.json,e6d19340d0cafb5016b68a31a29573b212efc8e121394bd66d6a42e1c0e583ee
4,tts_reload,verification,47.15453170053661,complete,/data/L202500147/Caption/DualISL_Train_RewardV3/runs/midasheng_7b_reward_v3_10rounds_20260905_run01/round_004/verification/round_004_tts_reload.stage.json,a99dcfc7b983bf7269933797b3c29cb9096e8f7d3ba444d1e19e689ca48bc701
5,audio_caption_quality,collections,51.64555890113115,complete,/data/L202500147/Caption/DualISL_Train_RewardV3/runs/midasheng_7b_reward_v3_10rounds_20260905_run01/round_005/collections/round_005_audio_caption_quality.stage.json,5e1dadff8e28ea4cce26cc5352d87253a7f7027312d822c7fa80f9fd5fd9fa2f
5,audio_caption_rollout,collections,2113.7628772072494,complete,/data/L202500147/Caption/DualISL_Train_RewardV3/runs/midasheng_7b_reward_v3_10rounds_20260905_run01/round_005/collections/round_005_audio_caption_rollout.stage.json,951ed6445b51008a773c544e5a4641436642c76bc583e19ae813fea5aa030586
5,audio_tts_anchor_reconstruction,collections,76.88650945574045,complete,/data/L202500147/Caption/DualISL_Train_RewardV3/runs/midasheng_7b_reward_v3_10rounds_20260905_run01/round_005/collections/round_005_audio_tts_anchor_reconstruction.stage.json,f965f0d3f2588635ec58b6c12d17daf965c42527094554646dffac4de2d87e4e
5,audio_tts_reconstruction,collections,97.14175573922694,complete,/data/L202500147/Caption/DualISL_Train_RewardV3/runs/midasheng_7b_reward_v3_10rounds_20260905_run01/round_005/collections/round_005_audio_tts_reconstruction.stage.json,4e6a1bf202de5e572f4bb1615276cbfdd2e06373c4de10d5f1b367ab159b2566
5,caption_anchor_reconstruction,collections,185.67931174114347,complete,/data/L202500147/Caption/DualISL_Train_RewardV3/runs/midasheng_7b_reward_v3_10rounds_20260905_run01/round_005/collections/round_005_caption_anchor_reconstruction.stage.json,589fc7462fb6a46f5468394ae74e5181f295c8475d9af0baaeb6704a4610927c
5,caption_audio_quality,collections,68.15302502736449,complete,/data/L202500147/Caption/DualISL_Train_RewardV3/runs/midasheng_7b_reward_v3_10rounds_20260905_run01/round_005/collections/round_005_caption_audio_quality.stage.json,f54cc2adf71be33f908086d066723dfcc44d76b9ea06a744953ac2c0cf5cafb1
5,caption_caption_reconstruction,collections,201.86651973985136,complete,/data/L202500147/Caption/DualISL_Train_RewardV3/runs/midasheng_7b_reward_v3_10rounds_20260905_run01/round_005/collections/round_005_caption_caption_reconstruction.stage.json,e73b20b18de0b82cd4e25f76d20c4475eed1bb73a571759a08b229ddccdc5354
5,caption_tts_rollout,collections,4787.795586178079,complete,/data/L202500147/Caption/DualISL_Train_RewardV3/runs/midasheng_7b_reward_v3_10rounds_20260905_run01/round_005/collections/round_005_caption_tts_rollout.stage.json,e2c82ffecb7a97969462cfe34b87f1b5df59870ce294595bc68f7112d08630c3
5,sftcal_caption_anchor,sft_calibration,153.83224298804998,complete,/data/L202500147/Caption/DualISL_Train_RewardV3/runs/midasheng_7b_reward_v3_10rounds_20260905_run01/round_005/sft_calibration/round_005_sftcal_caption_anchor.stage.json,b4bd8fa3445e898ba6ec0be9e5c115ce923c80d39c0c00c8420b35d843c305fa
5,sftcal_caption_current,sft_calibration,168.29549533501267,complete,/data/L202500147/Caption/DualISL_Train_RewardV3/runs/midasheng_7b_reward_v3_10rounds_20260905_run01/round_005/sft_calibration/round_005_sftcal_caption_current.stage.json,d3d1f40ff8e9a96337cc6e614de5ab38bb0379bec48129d626c7024ef65fca86
5,sftcal_tts_anchor,sft_calibration,82.10280066356063,complete,/data/L202500147/Caption/DualISL_Train_RewardV3/runs/midasheng_7b_reward_v3_10rounds_20260905_run01/round_005/sft_calibration/round_005_sftcal_tts_anchor.stage.json,a3decc4ff493b103c939c4ea717131948c5b94a9076d7a5d427c56207ff02829
5,sftcal_tts_current,sft_calibration,104.72145752608776,complete,/data/L202500147/Caption/DualISL_Train_RewardV3/runs/midasheng_7b_reward_v3_10rounds_20260905_run01/round_005/sft_calibration/round_005_sftcal_tts_current.stage.json,64a9544258e5310004590f3b025cb8558af43e94c14447bc923f25124c2faa71
5,caption_grpo,training,2241.9544524140656,complete,/data/L202500147/Caption/DualISL_Train_RewardV3/runs/midasheng_7b_reward_v3_10rounds_20260905_run01/round_005/training/round_005_caption_grpo.stage.json,525d31bdf0e28b1c96e07655704e2324f885349497ee5b2e1e613538a8d7b4c0
5,caption_sft,training,150.31732105463743,complete,/data/L202500147/Caption/DualISL_Train_RewardV3/runs/midasheng_7b_reward_v3_10rounds_20260905_run01/round_005/training/round_005_caption_sft.stage.json,bc05e50dc6c49e09b40f01dc5de02db3596a7977f4eb66a7d1c15ba451333c0d
5,tts_grpo,training,3884.964754484594,complete,/data/L202500147/Caption/DualISL_Train_RewardV3/runs/midasheng_7b_reward_v3_10rounds_20260905_run01/round_005/training/round_005_tts_grpo.stage.json,50b03f87a2edbe25c564a3f096945928c8acc8a14e9378984650fc684ee9bd23
5,tts_sft,training,100.86222835816443,complete,/data/L202500147/Caption/DualISL_Train_RewardV3/runs/midasheng_7b_reward_v3_10rounds_20260905_run01/round_005/training/round_005_tts_sft.stage.json,055d7805094ac6e5564b71452b7e16ebec3be089e09692994780881de1a47bf3
5,caption_reload,verification,80.68070610053837,complete,/data/L202500147/Caption/DualISL_Train_RewardV3/runs/midasheng_7b_reward_v3_10rounds_20260905_run01/round_005/verification/round_005_caption_reload.stage.json,b6518184413540ac01083dd57683a6b5e9646f63a335f72366faca4a2a29ec45
5,tts_reload,verification,51.90313843637705,complete,/data/L202500147/Caption/DualISL_Train_RewardV3/runs/midasheng_7b_reward_v3_10rounds_20260905_run01/round_005/verification/round_005_tts_reload.stage.json,ea7393552457ed3122359163f9b6b324dac4b0d71791bba7ed7de07e7c904831
6,audio_caption_quality,collections,53.95574673451483,complete,/data/L202500147/Caption/DualISL_Train_RewardV3/runs/midasheng_7b_reward_v3_10rounds_20260905_run01/round_006/collections/round_006_audio_caption_quality.stage.json,0d9b70acd1842a72306fa9f00431fe79f2fc229a532f96ae1571ffc44b3f5858
6,audio_caption_rollout,collections,2085.688042782247,complete,/data/L202500147/Caption/DualISL_Train_RewardV3/runs/midasheng_7b_reward_v3_10rounds_20260905_run01/round_006/collections/round_006_audio_caption_rollout.stage.json,89dcfebe4a668a77990594e986d07f631d6fdf7c569bc7b5cef9bc0df41e6dc0
6,audio_tts_anchor_reconstruction,collections,82.71541149169207,complete,/data/L202500147/Caption/DualISL_Train_RewardV3/runs/midasheng_7b_reward_v3_10rounds_20260905_run01/round_006/collections/round_006_audio_tts_anchor_reconstruction.stage.json,bfb9862853407211892533498341d0f3ada294f2f7dd2b45e31f92d7ad1c59d5
6,audio_tts_reconstruction,collections,101.00301309302449,complete,/data/L202500147/Caption/DualISL_Train_RewardV3/runs/midasheng_7b_reward_v3_10rounds_20260905_run01/round_006/collections/round_006_audio_tts_reconstruction.stage.json,44a03a741172e417a7141edea3170938fa3d2e757397907f350648acf5fe86b8
6,caption_anchor_reconstruction,collections,195.1105114519596,complete,/data/L202500147/Caption/DualISL_Train_RewardV3/runs/midasheng_7b_reward_v3_10rounds_20260905_run01/round_006/collections/round_006_caption_anchor_reconstruction.stage.json,c375f837594291f86196c02ea3fbd8709f3753ec919cf5a88d4ee7628d6133ab
6,caption_audio_quality,collections,72.54149095155299,complete,/data/L202500147/Caption/DualISL_Train_RewardV3/runs/midasheng_7b_reward_v3_10rounds_20260905_run01/round_006/collections/round_006_caption_audio_quality.stage.json,3be4d6700634651e9f33e6f0a9c43efee301464be8e25e8c782f347054b77f7b
6,caption_caption_reconstruction,collections,216.51878377981484,complete,/data/L202500147/Caption/DualISL_Train_RewardV3/runs/midasheng_7b_reward_v3_10rounds_20260905_run01/round_006/collections/round_006_caption_caption_reconstruction.stage.json,269949f51e97390428ff76578b4f6fcd70916c4b1016739aad09189ee665c26e
6,caption_tts_rollout,collections,4896.53743856214,complete,/data/L202500147/Caption/DualISL_Train_RewardV3/runs/midasheng_7b_reward_v3_10rounds_20260905_run01/round_006/collections/round_006_caption_tts_rollout.stage.json,bcbd21d886da100a5610bcbc547d8e37cd1ad790cc4f3c9a048d1098d571c473
6,sftcal_caption_anchor,sft_calibration,167.0779342483729,complete,/data/L202500147/Caption/DualISL_Train_RewardV3/runs/midasheng_7b_reward_v3_10rounds_20260905_run01/round_006/sft_calibration/round_006_sftcal_caption_anchor.stage.json,e7785a37645b26797c5cf770c42dd09bdebed9ccadd0580274e7a98686f1eb46
6,sftcal_caption_current,sft_calibration,173.09435702115297,complete,/data/L202500147/Caption/DualISL_Train_RewardV3/runs/midasheng_7b_reward_v3_10rounds_20260905_run01/round_006/sft_calibration/round_006_sftcal_caption_current.stage.json,cb837b99c754d0611f48fca85eff63fe05876260567ff8eba9cfdd21e1e37010
6,sftcal_tts_anchor,sft_calibration,84.09169942326844,complete,/data/L202500147/Caption/DualISL_Train_RewardV3/runs/midasheng_7b_reward_v3_10rounds_20260905_run01/round_006/sft_calibration/round_006_sftcal_tts_anchor.stage.json,c0a74f86d613c47d3a803d144f8c7b6dc450df8bf61c923a87c9c9c7b652d911
6,sftcal_tts_current,sft_calibration,103.40081717260182,complete,/data/L202500147/Caption/DualISL_Train_RewardV3/runs/midasheng_7b_reward_v3_10rounds_20260905_run01/round_006/sft_calibration/round_006_sftcal_tts_current.stage.json,8da640f0db2997132def57e4cdf8ce2c4816fd63934bfafa5a9bdf271eee364c
6,caption_grpo,training,2198.0806035976857,complete,/data/L202500147/Caption/DualISL_Train_RewardV3/runs/midasheng_7b_reward_v3_10rounds_20260905_run01/round_006/training/round_006_caption_grpo.stage.json,8b6879763fead8641fcde1af4af7eedc8071ded50f23c836c65c881021e0c5d0
6,caption_sft,training,164.22696976736188,complete,/data/L202500147/Caption/DualISL_Train_RewardV3/runs/midasheng_7b_reward_v3_10rounds_20260905_run01/round_006/training/round_006_caption_sft.stage.json,949a8e8db1860cc62bb8f59cbd956052b6f259e6f9c18becd0cdfa84919b3d5c
6,tts_grpo,training,3959.4510163795203,complete,/data/L202500147/Caption/DualISL_Train_RewardV3/runs/midasheng_7b_reward_v3_10rounds_20260905_run01/round_006/training/round_006_tts_grpo.stage.json,50e1953711690cd82f12b24c85800e0858edc449a1d3784b13cf1be189ccc0b0
6,tts_sft,training,97.92236005142331,complete,/data/L202500147/Caption/DualISL_Train_RewardV3/runs/midasheng_7b_reward_v3_10rounds_20260905_run01/round_006/training/round_006_tts_sft.stage.json,5d8532246539ac6adf2baefb15bee86cddeb5a0c58019999e6a2624a8b94fc86
6,caption_reload,verification,87.25164961442351,complete,/data/L202500147/Caption/DualISL_Train_RewardV3/runs/midasheng_7b_reward_v3_10rounds_20260905_run01/round_006/verification/round_006_caption_reload.stage.json,e434cb4e2c254162f20ca6a9d320edb27eb08bdbf24df7a9c4819f626a7d3159
6,tts_reload,verification,49.08525165915489,complete,/data/L202500147/Caption/DualISL_Train_RewardV3/runs/midasheng_7b_reward_v3_10rounds_20260905_run01/round_006/verification/round_006_tts_reload.stage.json,bdbf8cfe74baac2f7fa8a14e6ee1c7efc5ef84d8a9d306e4548d7037058869ca
7,audio_caption_quality,collections,54.67557273618877,complete,/data/L202500147/Caption/DualISL_Train_RewardV3/runs/midasheng_7b_reward_v3_10rounds_20260905_run01/round_007/collections/round_007_audio_caption_quality.stage.json,ccb43aa05e472012b46cf192459813da84f804ed902c38aa74925ed81bb2c095
7,audio_caption_rollout,collections,2111.7008900754154,complete,/data/L202500147/Caption/DualISL_Train_RewardV3/runs/midasheng_7b_reward_v3_10rounds_20260905_run01/round_007/collections/round_007_audio_caption_rollout.stage.json,65de39d531d854e96c4a636b2a7de876753fc6f7a4c3cf6c4ae6eeaacfe3b4f3
7,audio_tts_anchor_reconstruction,collections,85.41361290961504,complete,/data/L202500147/Caption/DualISL_Train_RewardV3/runs/midasheng_7b_reward_v3_10rounds_20260905_run01/round_007/collections/round_007_audio_tts_anchor_reconstruction.stage.json,67d90a1cc5317de4dfb389e2ad3df8ff3a35cea43fcd9e54319220c7827c2f72
7,audio_tts_reconstruction,collections,99.62427328340709,complete,/data/L202500147/Caption/DualISL_Train_RewardV3/runs/midasheng_7b_reward_v3_10rounds_20260905_run01/round_007/collections/round_007_audio_tts_reconstruction.stage.json,e4fb3afccaeabd681cbfbe1a738735984366acb16091cddda330dafcb73643d5
7,caption_anchor_reconstruction,collections,190.0916278567165,complete,/data/L202500147/Caption/DualISL_Train_RewardV3/runs/midasheng_7b_reward_v3_10rounds_20260905_run01/round_007/collections/round_007_caption_anchor_reconstruction.stage.json,46afc616c1748452449d9f303eeb5a22cae782aca44347dc51d2de4e8be7bb57
7,caption_audio_quality,collections,67.19595139101148,complete,/data/L202500147/Caption/DualISL_Train_RewardV3/runs/midasheng_7b_reward_v3_10rounds_20260905_run01/round_007/collections/round_007_caption_audio_quality.stage.json,6c422379e92d81ce5dac8cf1872ed46375d7f5e81ee0b2bd83ca21ba1c0871fa
7,caption_caption_reconstruction,collections,204.420194234699,complete,/data/L202500147/Caption/DualISL_Train_RewardV3/runs/midasheng_7b_reward_v3_10rounds_20260905_run01/round_007/collections/round_007_caption_caption_reconstruction.stage.json,0e666851b65bf60a057e4d66946c342c77ab9268ba03de13d496fdb663ec4597
7,caption_tts_rollout,collections,4839.055899556726,complete,/data/L202500147/Caption/DualISL_Train_RewardV3/runs/midasheng_7b_reward_v3_10rounds_20260905_run01/round_007/collections/round_007_caption_tts_rollout.stage.json,7aa3ae502998dee8677e73e68895c4c574d43f3829ebc51fcd51ead3ed09d60e
7,sftcal_caption_anchor,sft_calibration,152.3949692118913,complete,/data/L202500147/Caption/DualISL_Train_RewardV3/runs/midasheng_7b_reward_v3_10rounds_20260905_run01/round_007/sft_calibration/round_007_sftcal_caption_anchor.stage.json,6fcd2a8b12d8b097c4ad69a934a9853fdd75bdee5c04a52b2e976e040759b1d7
7,sftcal_caption_current,sft_calibration,171.41462086327374,complete,/data/L202500147/Caption/DualISL_Train_RewardV3/runs/midasheng_7b_reward_v3_10rounds_20260905_run01/round_007/sft_calibration/round_007_sftcal_caption_current.stage.json,ca2589c637dccf21513b01f35c754433de39c1b70f2854ff7c0e28d47937314a
7,sftcal_tts_anchor,sft_calibration,85.47970652580261,complete,/data/L202500147/Caption/DualISL_Train_RewardV3/runs/midasheng_7b_reward_v3_10rounds_20260905_run01/round_007/sft_calibration/round_007_sftcal_tts_anchor.stage.json,942189f35a8c05439c1770bd07eebf53fc5d30b4024786b8b1b6aaee5d136c74
7,sftcal_tts_current,sft_calibration,105.82385923340917,complete,/data/L202500147/Caption/DualISL_Train_RewardV3/runs/midasheng_7b_reward_v3_10rounds_20260905_run01/round_007/sft_calibration/round_007_sftcal_tts_current.stage.json,f139b7d47cf962799f1ce116400cb847fc83713838dd0193abf54f8aeea5e8ba
7,caption_grpo,training,2416.13794362545,complete,/data/L202500147/Caption/DualISL_Train_RewardV3/runs/midasheng_7b_reward_v3_10rounds_20260905_run01/round_007/training/round_007_caption_grpo.stage.json,fb8f713f99dab9315659eff9855d9fa764bdff99d764a22f6f56099039634b01
7,caption_sft,training,176.712729787454,complete,/data/L202500147/Caption/DualISL_Train_RewardV3/runs/midasheng_7b_reward_v3_10rounds_20260905_run01/round_007/training/round_007_caption_sft.stage.json,d6ab0e4a754891325045edf646852be4606e7230e03b361e63e453cc213f8005
7,tts_grpo,training,4075.841766141355,complete,/data/L202500147/Caption/DualISL_Train_RewardV3/runs/midasheng_7b_reward_v3_10rounds_20260905_run01/round_007/training/round_007_tts_grpo.stage.json,da5d0e5d533c12d4f83192e3f560043d4604b892bb21be7343e16211fbda2b3c
7,tts_sft,training,99.95874826796353,complete,/data/L202500147/Caption/DualISL_Train_RewardV3/runs/midasheng_7b_reward_v3_10rounds_20260905_run01/round_007/training/round_007_tts_sft.stage.json,47c1827475c569f1ffb1c65da2e5360b948c9a646821bb06f13c357468b615a3
7,caption_reload,verification,77.55159525945783,complete,/data/L202500147/Caption/DualISL_Train_RewardV3/runs/midasheng_7b_reward_v3_10rounds_20260905_run01/round_007/verification/round_007_caption_reload.stage.json,570addc36be58ba26eb96f79f93a608b12fe1f9f071fc4534aebd1bda8df6ca6
7,tts_reload,verification,52.846228351816535,complete,/data/L202500147/Caption/DualISL_Train_RewardV3/runs/midasheng_7b_reward_v3_10rounds_20260905_run01/round_007/verification/round_007_tts_reload.stage.json,e646cb4b7280c75ecdcc69e2e584c279e83a61bd9fd9983b4144aa62b395015c
8,audio_caption_quality,collections,52.788959791883826,complete,/data/L202500147/Caption/DualISL_Train_RewardV3/runs/midasheng_7b_reward_v3_10rounds_20260905_run01/round_008/collections/round_008_audio_caption_quality.stage.json,9f3cb2b68fc3a7d63042b6fca4697e6d2621146f0aaaf8eaeae4c0dc66069e33
8,audio_caption_rollout,collections,2150.202907944098,complete,/data/L202500147/Caption/DualISL_Train_RewardV3/runs/midasheng_7b_reward_v3_10rounds_20260905_run01/round_008/collections/round_008_audio_caption_rollout.stage.json,c2babccd105d2a514899e988c6def35600678ce34d7f668404eee25ee9dd413d
8,audio_tts_anchor_reconstruction,collections,78.63732223398983,complete,/data/L202500147/Caption/DualISL_Train_RewardV3/runs/midasheng_7b_reward_v3_10rounds_20260905_run01/round_008/collections/round_008_audio_tts_anchor_reconstruction.stage.json,5183575ad140bc98ecce424ff237f5a3bbe0adde4364b1a7869ae9a2320a40f1
8,audio_tts_reconstruction,collections,101.3065332248807,complete,/data/L202500147/Caption/DualISL_Train_RewardV3/runs/midasheng_7b_reward_v3_10rounds_20260905_run01/round_008/collections/round_008_audio_tts_reconstruction.stage.json,f29d05fd5c509720bee763d8ab05c2f5f95841fb24a95064f014130072a0ba98
8,caption_anchor_reconstruction,collections,184.65876672416925,complete,/data/L202500147/Caption/DualISL_Train_RewardV3/runs/midasheng_7b_reward_v3_10rounds_20260905_run01/round_008/collections/round_008_caption_anchor_reconstruction.stage.json,8c796d23165e420fef5a1a4a8557ca81b4c6919348ca9858350e1b6f0ce1ddef
8,caption_audio_quality,collections,68.67982075177133,complete,/data/L202500147/Caption/DualISL_Train_RewardV3/runs/midasheng_7b_reward_v3_10rounds_20260905_run01/round_008/collections/round_008_caption_audio_quality.stage.json,57920b635cfb99d544cf845671e176f57fe9b5c3e7ee77b50bedeaa046c8ce80
8,caption_caption_reconstruction,collections,214.32269998267293,complete,/data/L202500147/Caption/DualISL_Train_RewardV3/runs/midasheng_7b_reward_v3_10rounds_20260905_run01/round_008/collections/round_008_caption_caption_reconstruction.stage.json,aa345215f9d337b0bfafea30db341a814586def951536656eabc42a024002e0c
8,caption_tts_rollout,collections,4977.194308631122,complete,/data/L202500147/Caption/DualISL_Train_RewardV3/runs/midasheng_7b_reward_v3_10rounds_20260905_run01/round_008/collections/round_008_caption_tts_rollout.stage.json,06d9acfb4c39913d3954417f0ea566bf55a05916180d559ba5386cdb216c1ec8
8,sftcal_caption_anchor,sft_calibration,148.52140047959983,complete,/data/L202500147/Caption/DualISL_Train_RewardV3/runs/midasheng_7b_reward_v3_10rounds_20260905_run01/round_008/sft_calibration/round_008_sftcal_caption_anchor.stage.json,948a0974b27045ca78ed0877acb0c8a15904f673c47b431f289a6bca0ea9c3a8
8,sftcal_caption_current,sft_calibration,173.0476928167045,complete,/data/L202500147/Caption/DualISL_Train_RewardV3/runs/midasheng_7b_reward_v3_10rounds_20260905_run01/round_008/sft_calibration/round_008_sftcal_caption_current.stage.json,6f8214f01e0cabeee9af7a88f520270d7c9cb68301786c6ab9af882477646788
8,sftcal_tts_anchor,sft_calibration,82.116171810776,complete,/data/L202500147/Caption/DualISL_Train_RewardV3/runs/midasheng_7b_reward_v3_10rounds_20260905_run01/round_008/sft_calibration/round_008_sftcal_tts_anchor.stage.json,b97efb07614d019c8042f463d9c124ee1d90956b96f87bf8faa89c5361feea0a
8,sftcal_tts_current,sft_calibration,103.57356803119183,complete,/data/L202500147/Caption/DualISL_Train_RewardV3/runs/midasheng_7b_reward_v3_10rounds_20260905_run01/round_008/sft_calibration/round_008_sftcal_tts_current.stage.json,edec1f22ad6f3209fa3aa65be11fa10d20b51e08ff6c7053691365ad2218624a
8,caption_grpo,training,2351.3705929424614,complete,/data/L202500147/Caption/DualISL_Train_RewardV3/runs/midasheng_7b_reward_v3_10rounds_20260905_run01/round_008/training/round_008_caption_grpo.stage.json,09461dafb1baa042c85070f81ac58bdf8802dff11d5b18da4d9407c97b881db1
8,caption_sft,training,167.71048592031002,complete,/data/L202500147/Caption/DualISL_Train_RewardV3/runs/midasheng_7b_reward_v3_10rounds_20260905_run01/round_008/training/round_008_caption_sft.stage.json,0ec598abc7cb9aa6a8cb332921ec711bf4b81e11f42b1cabcfed9479a0e2b4d0
8,tts_grpo,training,4150.3767224196345,complete,/data/L202500147/Caption/DualISL_Train_RewardV3/runs/midasheng_7b_reward_v3_10rounds_20260905_run01/round_008/training/round_008_tts_grpo.stage.json,856aa34d78bae360f9efa36e07e17a02162f14931820a87bb0f4bd7f28f1daf1
8,tts_sft,training,96.72016137838364,complete,/data/L202500147/Caption/DualISL_Train_RewardV3/runs/midasheng_7b_reward_v3_10rounds_20260905_run01/round_008/training/round_008_tts_sft.stage.json,6ec215b461c0df17bd680746390a78409903fd456feb041dee72b7856a700809
8,caption_reload,verification,77.33360430411994,complete,/data/L202500147/Caption/DualISL_Train_RewardV3/runs/midasheng_7b_reward_v3_10rounds_20260905_run01/round_008/verification/round_008_caption_reload.stage.json,f1fb772ae0a080b6b6f1fa1384d03af3b5d6e745261c1adba8779850d48ce37d
8,tts_reload,verification,166.2049226667732,complete,/data/L202500147/Caption/DualISL_Train_RewardV3/runs/midasheng_7b_reward_v3_10rounds_20260905_run01/round_008/verification/round_008_tts_reload.stage.json,9d437246912f11935dda4224fb7464d0c3e139dde4d5a4b8066411a60643d02d
9,audio_caption_quality,collections,51.35057166032493,complete,/data/L202500147/Caption/DualISL_Train_RewardV3/runs/midasheng_7b_reward_v3_10rounds_20260905_run01/round_009/collections/round_009_audio_caption_quality.stage.json,3509d0d42e34b7524232b9234b2329214db416b851ed155486cafa0ffcd4b217
9,audio_caption_rollout,collections,2201.579403527081,complete,/data/L202500147/Caption/DualISL_Train_RewardV3/runs/midasheng_7b_reward_v3_10rounds_20260905_run01/round_009/collections/round_009_audio_caption_rollout.stage.json,e8100e1c9a7022a4944a16603c222836ed1d73501e41ab548819081ee82e8e9a
9,audio_tts_anchor_reconstruction,collections,176.89500135555863,complete,/data/L202500147/Caption/DualISL_Train_RewardV3/runs/midasheng_7b_reward_v3_10rounds_20260905_run01/round_009/collections/round_009_audio_tts_anchor_reconstruction.stage.json,a132560b400f6a109cdd6d9691a8160bde9ae8c60cce72c105f6ea43f9d9a90d
9,audio_tts_reconstruction,collections,184.39721348695457,complete,/data/L202500147/Caption/DualISL_Train_RewardV3/runs/midasheng_7b_reward_v3_10rounds_20260905_run01/round_009/collections/round_009_audio_tts_reconstruction.stage.json,e797cea613abd014d0f93ff532463c4e5557a2033c2695cd0ea86ef926e5d0b4
9,caption_anchor_reconstruction,collections,172.6036931835115,complete,/data/L202500147/Caption/DualISL_Train_RewardV3/runs/midasheng_7b_reward_v3_10rounds_20260905_run01/round_009/collections/round_009_caption_anchor_reconstruction.stage.json,44b87d59cbdb38e317a883765ef7cf73b8fdd2458de456f4748bc2d594dd888e
9,caption_audio_quality,collections,68.20443794690073,complete,/data/L202500147/Caption/DualISL_Train_RewardV3/runs/midasheng_7b_reward_v3_10rounds_20260905_run01/round_009/collections/round_009_caption_audio_quality.stage.json,3714a352de21349ef88a93aedd6dc19935c30132227b43600b4c6c4e933b3db3
9,caption_caption_reconstruction,collections,209.06897168792784,complete,/data/L202500147/Caption/DualISL_Train_RewardV3/runs/midasheng_7b_reward_v3_10rounds_20260905_run01/round_009/collections/round_009_caption_caption_reconstruction.stage.json,2f5f48f94ab9edba8e73e54391261591e3b34c67313d2d8874091ce79bcbbbd7
9,caption_tts_rollout,collections,5047.474971503019,complete,/data/L202500147/Caption/DualISL_Train_RewardV3/runs/midasheng_7b_reward_v3_10rounds_20260905_run01/round_009/collections/round_009_caption_tts_rollout.stage.json,0df1d44a3f64bcd952b79e9f1fa1f7dbba6628e43be09c032dc674f9ba9a1a92
9,sftcal_caption_anchor,sft_calibration,151.3387078717351,complete,/data/L202500147/Caption/DualISL_Train_RewardV3/runs/midasheng_7b_reward_v3_10rounds_20260905_run01/round_009/sft_calibration/round_009_sftcal_caption_anchor.stage.json,ff306d1854aced7bf1f818241f1f3ab1ac460a463cd26368cad7de5d3de6f49c
9,sftcal_caption_current,sft_calibration,162.14252754114568,complete,/data/L202500147/Caption/DualISL_Train_RewardV3/runs/midasheng_7b_reward_v3_10rounds_20260905_run01/round_009/sft_calibration/round_009_sftcal_caption_current.stage.json,2f0d9e32bdd80ab75cf064cdef2a382e75f5796f30cc3ac00b80682ab9c74ccd
9,sftcal_tts_anchor,sft_calibration,81.47377477400005,complete,/data/L202500147/Caption/DualISL_Train_RewardV3/runs/midasheng_7b_reward_v3_10rounds_20260905_run01/round_009/sft_calibration/round_009_sftcal_tts_anchor.stage.json,eb724aaff44b0c3b5d48ca9c55a81169524a08bd19d68dd0f2e964dcbe4545bb
9,sftcal_tts_current,sft_calibration,99.34026068076491,complete,/data/L202500147/Caption/DualISL_Train_RewardV3/runs/midasheng_7b_reward_v3_10rounds_20260905_run01/round_009/sft_calibration/round_009_sftcal_tts_current.stage.json,beeed5424a43489f5f22c69a30a2a2618a65eb01927847b3da3b9f440716aa4a
9,caption_grpo,training,2266.47850253433,complete,/data/L202500147/Caption/DualISL_Train_RewardV3/runs/midasheng_7b_reward_v3_10rounds_20260905_run01/round_009/training/round_009_caption_grpo.stage.json,a3ad40cad90fe78f14cd6b554db806ded7b7da582ac05c61e2f5c2144daed3ca
9,caption_sft,training,164.40875730663538,complete,/data/L202500147/Caption/DualISL_Train_RewardV3/runs/midasheng_7b_reward_v3_10rounds_20260905_run01/round_009/training/round_009_caption_sft.stage.json,2961c6d00dee965c1f81b266ba98d960d88f43c49d02a62fb193a6b8ba09433a
9,tts_grpo,training,4018.2987120170146,complete,/data/L202500147/Caption/DualISL_Train_RewardV3/runs/midasheng_7b_reward_v3_10rounds_20260905_run01/round_009/training/round_009_tts_grpo.stage.json,8e9b8a99824d7116f3cd7e7fd9de18ac76b367d946623010005de6db48ff427e
9,tts_sft,training,92.70813290961087,complete,/data/L202500147/Caption/DualISL_Train_RewardV3/runs/midasheng_7b_reward_v3_10rounds_20260905_run01/round_009/training/round_009_tts_sft.stage.json,1f6eef4fad858744c39625d62c46659d20762150d37f020125ba2b243447c873
9,caption_reload,verification,81.59002530574799,complete,/data/L202500147/Caption/DualISL_Train_RewardV3/runs/midasheng_7b_reward_v3_10rounds_20260905_run01/round_009/verification/round_009_caption_reload.stage.json,02496526893e9c9d817a35597a15aca6b8b36392f07284e1f382628ab99ef015
9,tts_reload,verification,45.69293316081166,complete,/data/L202500147/Caption/DualISL_Train_RewardV3/runs/midasheng_7b_reward_v3_10rounds_20260905_run01/round_009/verification/round_009_tts_reload.stage.json,6db9326004d5abe8dcf9e1e7ff09035b3d274df584b370355c804fe5e93e3ff3
